Bar Name,Brand Name,forecast_ml_day,forecast_next_7d_ml,par_ml,last_logged_close_ml,suggested_order_ml,last_logged_at
Anderson's Bar,Absolut,36.4,255.1,200,0.0,200,2023-12-25 10:16:00
Anderson's Bar,Bacardi,71.3,499.2,300,108.6,200,2023-12-31 19:02:00
Anderson's Bar,Barefoot,73.2,512.6,300,7321.3,0,2023-12-30 21:46:00
Anderson's Bar,Budweiser,28.2,197.2,200,0.0,200,2023-12-26 22:58:00
Anderson's Bar,Captain Morgan,77.5,542.5,300,8383.2,0,2023-12-19 17:48:00
Anderson's Bar,Coors,57.6,403.1,300,2146.0,0,2024-01-01 21:03:00
Anderson's Bar,Grey Goose,66.5,465.8,300,0.0,300,2023-12-30 15:59:00
Anderson's Bar,Heineken,47.3,330.9,200,182.0,100,2023-12-31 10:10:00
Anderson's Bar,Jack Daniels,59.5,416.7,300,3995.1,0,2024-01-01 18:34:00
Anderson's Bar,Jameson,63.1,441.6,300,2688.4,0,2023-12-30 18:37:00
Anderson's Bar,Jim Beam,71.0,497.3,300,4518.5,0,2023-12-31 17:00:00
Anderson's Bar,Malibu,37.3,261.3,200,1568.6,0,2024-01-01 21:15:00
Anderson's Bar,Miller,50.2,351.6,200,0.0,200,2023-12-29 16:31:00
Anderson's Bar,Smirnoff,69.0,482.9,300,8085.3,0,2023-12-26 16:47:00
Anderson's Bar,Sutter Home,63.5,444.8,300,6044.5,0,2023-12-26 19:12:00
Anderson's Bar,Yellow Tail,53.8,376.7,200,628.6,0,2023-12-31 20:19:00
Brown's Bar,Absolut,50.0,350.0,200,2843.6,0,2023-12-27 13:23:00
Brown's Bar,Bacardi,64.4,451.1,300,6088.5,0,2023-12-28 18:10:00
Brown's Bar,Barefoot,53.4,373.5,200,8542.6,0,2024-01-01 17:08:00
Brown's Bar,Budweiser,47.4,331.5,200,0.0,200,2023-12-20 16:03:00
Brown's Bar,Captain Morgan,51.0,357.0,200,1663.4,0,2023-12-18 10:10:00
Brown's Bar,Coors,38.7,270.7,200,361.5,0,2023-12-25 10:56:00
Brown's Bar,Grey Goose,76.9,538.4,300,0.0,300,2023-12-29 13:35:00
Brown's Bar,Heineken,52.8,369.3,200,1770.2,0,2024-01-01 12:49:00
Brown's Bar,Jack Daniels,52.7,368.9,200,440.6,0,2023-12-22 17:46:00
Brown's Bar,Jameson,65.6,459.5,300,6474.5,0,2023-12-23 12:32:00
Brown's Bar,Jim Beam,65.2,456.2,300,722.3,0,2023-12-30 11:07:00
Brown's Bar,Malibu,52.4,366.8,200,0.0,200,2024-01-01 15:56:00
Brown's Bar,Miller,48.1,336.4,200,1298.8,0,2023-12-11 14:52:00
Brown's Bar,Smirnoff,46.4,324.7,200,0.0,200,2024-01-01 16:17:00
Brown's Bar,Sutter Home,58.3,408.0,300,3763.9,0,2023-12-15 16:44:00
Brown's Bar,Yellow Tail,77.9,545.6,300,0.0,300,2023-12-30 22:56:00
Johnson's Bar,Absolut,75.5,528.2,300,4996.8,0,2023-12-15 16:05:00
Johnson's Bar,Bacardi,51.8,362.6,200,875.3,0,2023-12-27 21:13:00
Johnson's Bar,Barefoot,59.8,418.7,300,5439.1,0,2023-12-23 16:02:00
Johnson's Bar,Budweiser,54.7,383.1,200,4938.3,0,2023-12-30 11:48:00
Johnson's Bar,Captain Morgan,78.6,550.3,300,1405.8,0,2023-12-31 11:18:00
Johnson's Bar,Coors,53.2,372.7,200,3672.0,0,2024-01-01 18:14:00
Johnson's Bar,Grey Goose,69.7,488.1,300,4141.2,0,2024-01-01 11:54:00
Johnson's Bar,Heineken,54.1,378.9,200,5286.2,0,2023-12-29 14:14:00
Johnson's Bar,Jack Daniels,51.8,362.9,200,3640.2,0,2023-12-29 12:35:00
Johnson's Bar,Jameson,48.5,339.2,200,0.0,200,2023-12-27 19:59:00
Johnson's Bar,Jim Beam,46.1,322.5,200,5554.8,0,2023-12-28 21:46:00
Johnson's Bar,Malibu,71.1,497.4,300,2965.5,0,2024-01-01 18:51:00
Johnson's Bar,Miller,44.9,314.1,200,0.0,200,2023-12-25 14:56:00
Johnson's Bar,Smirnoff,69.7,487.8,300,1046.1,0,2023-12-23 18:25:00
Johnson's Bar,Sutter Home,60.4,422.7,300,3951.5,0,2023-12-31 10:06:00
Johnson's Bar,Yellow Tail,59.9,419.6,300,0.0,300,2023-12-24 15:40:00
Smith's Bar,Absolut,74.3,519.9,300,4225.5,0,2023-12-31 13:01:00
Smith's Bar,Bacardi,53.5,374.8,200,281.0,0,2023-12-31 14:09:00
Smith's Bar,Barefoot,57.9,405.1,300,2094.1,0,2023-12-30 21:43:00
Smith's Bar,Budweiser,37.6,263.2,200,3756.1,0,2023-12-22 20:12:00
Smith's Bar,Captain Morgan,60.5,423.2,300,1022.3,0,2024-01-01 14:21:00
Smith's Bar,Coors,41.5,290.4,200,2058.2,0,2023-12-28 11:54:00
Smith's Bar,Grey Goose,68.2,477.6,300,3361.2,0,2024-01-01 17:56:00
Smith's Bar,Heineken,47.5,332.4,200,391.4,0,2023-12-29 18:07:00
Smith's Bar,Jack Daniels,50.5,353.4,200,998.4,0,2023-12-19 19:25:00
Smith's Bar,Jameson,50.9,356.4,200,5863.5,0,2023-12-31 21:23:00
Smith's Bar,Jim Beam,66.1,462.7,300,5605.1,0,2023-12-23 20:54:00
Smith's Bar,Malibu,67.5,472.4,300,336.3,0,2023-12-29 12:13:00
Smith's Bar,Miller,56.3,394.3,300,301.5,0,2023-12-25 22:16:00
Smith's Bar,Smirnoff,48.4,339.1,200,1288.0,0,2023-12-24 20:28:00
Smith's Bar,Sutter Home,59.0,413.1,300,6641.9,0,2023-12-27 12:58:00
Smith's Bar,Yellow Tail,66.6,465.9,300,5329.3,0,2023-12-25 19:54:00
Taylor's Bar,Absolut,50.9,356.1,200,1353.9,0,2023-12-31 11:36:00
Taylor's Bar,Bacardi,47.1,329.5,200,693.8,0,2023-12-12 19:51:00
Taylor's Bar,Barefoot,60.4,422.6,300,10850.8,0,2023-12-24 19:32:00
Taylor's Bar,Budweiser,60.7,425.0,300,1641.3,0,2024-01-01 15:25:00
Taylor's Bar,Captain Morgan,61.6,430.9,300,7385.2,0,2024-01-01 19:36:00
Taylor's Bar,Coors,39.5,276.2,200,8367.5,0,2023-12-30 10:39:00
Taylor's Bar,Grey Goose,78.8,551.7,300,3085.3,0,2023-12-14 11:35:00
Taylor's Bar,Heineken,29.5,206.4,200,8657.9,0,2023-12-02 21:24:00
Taylor's Bar,Jack Daniels,64.3,450.4,300,3067.9,0,2023-12-26 17:22:00
Taylor's Bar,Jameson,59.7,417.7,300,1546.8,0,2023-12-25 20:56:00
Taylor's Bar,Jim Beam,66.2,463.7,300,2195.9,0,2024-01-01 17:11:00
Taylor's Bar,Malibu,59.4,415.5,300,1806.5,0,2023-12-31 19:58:00
Taylor's Bar,Miller,40.0,279.8,200,0.0,200,2023-12-28 12:05:00
Taylor's Bar,Smirnoff,64.2,449.6,300,2705.5,0,2023-12-30 21:42:00
Taylor's Bar,Sutter Home,43.8,306.4,200,0.0,200,2023-12-31 20:47:00
Taylor's Bar,Yellow Tail,45.6,319.5,200,1487.2,0,2023-12-25 18:02:00
Thomas's Bar,Absolut,55.8,390.6,300,2296.4,0,2024-01-01 22:46:00
Thomas's Bar,Bacardi,65.5,458.4,300,2401.2,0,2024-01-01 21:26:00
Thomas's Bar,Barefoot,57.2,400.7,300,668.2,0,2023-12-29 14:53:00
Thomas's Bar,Budweiser,41.2,288.2,200,3436.7,0,2023-12-25 15:48:00
Thomas's Bar,Captain Morgan,55.1,385.7,200,5400.5,0,2023-12-19 14:28:00
Thomas's Bar,Coors,35.8,250.6,200,2314.8,0,2023-12-28 13:48:00
Thomas's Bar,Grey Goose,78.0,545.8,300,4810.6,0,2023-12-27 22:12:00
Thomas's Bar,Heineken,36.0,251.8,200,146.9,100,2023-12-30 10:00:00
Thomas's Bar,Jack Daniels,68.9,482.5,300,6263.6,0,2023-12-30 19:34:00
Thomas's Bar,Jameson,43.0,300.7,200,871.6,0,2023-12-31 16:47:00
Thomas's Bar,Jim Beam,69.1,484.0,300,1809.7,0,2023-12-28 12:21:00
Thomas's Bar,Malibu,59.6,417.1,300,4622.1,0,2023-12-30 15:37:00
Thomas's Bar,Miller,61.1,427.8,300,1734.6,0,2023-12-21 22:55:00
Thomas's Bar,Smirnoff,57.9,405.6,300,4758.1,0,2023-12-31 12:03:00
Thomas's Bar,Sutter Home,38.2,267.5,200,933.2,0,2023-12-30 17:05:00
Thomas's Bar,Yellow Tail,50.4,353.0,200,2389.5,0,2023-12-26 22:50:00
